timestamp,triage_level,wait_minutes,outcome
2026-03-03T14:27,4,100,admitted
2026-03-17T08:20,5,207,discharged_home
2026-02-01T02:17,3,28,admitted
2026-02-27T07:48,4,71,admitted
2026-03-01T18:39,3,25,left_without_being_seen
2026-03-27T12:21,3,38,discharged_home
2026-01-04T15:54,3,50,discharged_home
2026-02-11T05:31,5,55,discharged_home
2026-01-28T11:51,3,60,discharged_home
2026-02-03T10:17,3,19,discharged_home
2026-03-18T22:56,5,91,discharged_home
2026-02-05T17:00,4,128,admitted
2026-03-08T06:05,4,43,discharged_home
2026-01-31T23:26,4,94,transferred
2026-03-04T17:48,2,15,admitted
2026-01-31T22:30,4,18,discharged_home
2026-03-24T22:31,2,23,discharged_home
2026-02-27T00:05,5,332,left_without_being_seen
2026-02-07T07:25,4,62,transferred
2026-03-30T07:19,4,142,discharged_home
2026-03-26T18:23,5,184,discharged_home
2026-03-02T17:33,3,26,discharged_home
2026-02-14T13:47,5,158,left_without_being_seen
2026-03-12T10:22,4,104,transferred
2026-03-31T14:17,4,34,discharged_home
2026-02-09T08:14,4,60,discharged_home
2026-01-16T23:12,1,0,discharged_home
2026-02-10T03:47,4,61,discharged_home
2026-03-10T22:11,5,130,left_without_being_seen
2026-01-25T06:47,5,87,discharged_home
2026-03-03T08:46,4,0,admitted
2026-03-17T16:38,5,201,discharged_home
2026-02-06T03:53,3,51,discharged_home
2026-01-25T09:14,4,60,admitted
2026-02-16T05:19,4,120,discharged_home
2026-01-02T22:34,1,2,discharged_home
2026-01-17T08:02,2,1,discharged_home
2026-01-07T17:18,3,45,discharged_home
2026-03-31T04:40,3,26,admitted
2026-03-04T03:55,4,132,admitted
2026-01-02T18:18,3,16,admitted
2026-03-02T15:28,3,61,transferred
2026-02-13T05:03,4,116,admitted
2026-02-02T15:07,3,65,discharged_home
2026-01-09T12:31,2,6,discharged_home
2026-01-10T18:40,5,67,admitted
2026-03-29T01:09,4,66,discharged_home
2026-01-20T18:19,4,40,discharged_home
2026-01-11T07:07,3,9,admitted
2026-03-13T13:38,4,50,admitted
2026-03-18T19:14,3,41,discharged_home
2026-03-08T12:28,2,12,admitted
2026-02-26T09:55,5,94,discharged_home
2026-03-17T13:19,4,64,discharged_home
2026-03-14T19:03,3,53,discharged_home
2026-03-20T23:06,4,31,discharged_home
2026-01-27T20:13,3,57,transferred
2026-02-03T21:05,2,13,admitted
2026-01-21T07:11,5,165,discharged_home
2026-03-12T02:10,4,87,discharged_home
2026-01-01T13:28,4,66,discharged_home
2026-03-30T19:30,3,37,discharged_home
2026-02-07T01:14,5,203,discharged_home
2026-02-06T22:18,4,62,left_without_being_seen
2026-03-31T14:04,2,11,admitted
2026-03-29T07:59,4,68,discharged_home
2026-02-03T20:37,3,29,discharged_home
2026-03-26T06:27,1,0,discharged_home
2026-01-15T17:14,4,26,discharged_home
2026-03-24T04:58,2,16,admitted
2026-02-04T04:04,5,79,discharged_home
2026-01-08T05:50,3,24,admitted
2026-02-09T19:47,4,100,discharged_home
2026-03-14T09:28,2,20,transferred
2026-01-16T14:44,4,93,transferred
2026-02-08T22:25,4,92,admitted
2026-02-04T16:34,4,107,discharged_home
2026-03-05T14:05,2,17,discharged_home
2026-03-18T01:56,5,199,discharged_home
2026-02-25T23:20,3,82,discharged_home
2026-03-19T08:01,4,66,discharged_home
2026-01-12T07:43,3,65,discharged_home
2026-03-15T18:01,3,75,transferred
2026-03-28T08:36,2,7,discharged_home
2026-01-06T05:30,3,30,discharged_home
2026-03-08T20:28,4,73,admitted
2026-02-05T05:37,4,56,discharged_home
2026-02-25T20:52,3,65,admitted
2026-03-04T02:30,3,53,discharged_home
2026-02-14T13:21,4,87,admitted
2026-02-11T21:06,3,17,discharged_home
2026-01-21T10:26,4,44,discharged_home
2026-03-30T15:18,3,47,discharged_home
2026-03-26T12:52,5,165,left_without_being_seen
2026-03-12T01:29,3,39,transferred
2026-01-12T10:16,5,0,admitted
2026-02-11T03:49,3,41,admitted
2026-02-21T16:52,5,324,left_without_being_seen
2026-01-01T21:55,4,90,discharged_home
2026-03-11T14:26,4,97,admitted
2026-01-07T06:33,4,95,admitted
2026-02-16T19:48,2,6,admitted
2026-03-05T20:28,1,2,discharged_home
2026-01-07T06:17,3,55,admitted
2026-03-12T04:59,1,1,admitted
2026-02-06T14:56,3,14,discharged_home
2026-03-31T15:07,4,23,admitted
2026-01-04T20:38,5,93,transferred
2026-01-31T22:10,4,15,discharged_home
2026-02-09T17:00,4,4,discharged_home
2026-03-12T13:05,3,0,discharged_home
2026-01-29T03:29,4,75,discharged_home
2026-01-16T20:53,2,6,discharged_home
2026-01-20T15:59,3,42,discharged_home
2026-02-07T16:45,3,54,admitted
2026-02-04T13:53,4,66,discharged_home
2026-03-03T15:15,1,4,discharged_home
2026-02-28T17:09,4,33,admitted
2026-02-19T06:58,1,2,discharged_home
2026-03-18T16:47,4,140,discharged_home
2026-01-18T02:17,4,116,discharged_home
2026-02-23T10:59,3,26,discharged_home
2026-03-06T08:52,5,77,discharged_home
2026-01-01T09:46,4,72,discharged_home
2026-02-08T18:37,3,54,transferred
2026-03-26T15:55,2,0,discharged_home
2026-01-20T14:34,2,19,discharged_home
2026-03-03T11:21,5,98,discharged_home
2026-03-12T17:24,3,25,discharged_home
2026-02-28T10:55,2,4,discharged_home
2026-01-25T22:15,4,108,discharged_home
2026-03-15T12:14,1,3,admitted
2026-02-22T01:20,4,67,discharged_home
2026-03-02T22:58,4,74,discharged_home
2026-02-18T12:42,2,14,discharged_home
2026-03-25T04:31,4,129,discharged_home
2026-01-05T04:32,4,90,discharged_home
2026-03-17T10:55,4,42,admitted
2026-01-13T14:06,3,43,discharged_home
2026-03-09T14:00,4,92,discharged_home
2026-01-19T13:55,4,82,discharged_home
2026-03-25T04:04,3,55,discharged_home
2026-03-02T08:21,4,43,discharged_home
2026-03-21T22:25,3,25,admitted
2026-03-25T02:54,3,38,admitted
2026-02-12T21:54,2,17,discharged_home
2026-03-10T12:20,3,47,discharged_home
2026-03-22T22:56,3,57,discharged_home
2026-03-04T17:02,3,41,discharged_home
2026-03-21T02:15,3,48,admitted
2026-03-22T21:58,4,92,admitted
2026-02-06T07:47,4,23,discharged_home
2026-01-12T13:06,4,48,admitted
2026-03-23T22:55,4,96,discharged_home
2026-01-13T14:10,3,44,admitted
2026-03-30T09:57,4,16,discharged_home
2026-01-04T01:20,5,108,left_without_being_seen
2026-01-08T09:22,5,177,left_without_being_seen
2026-02-17T13:09,5,160,admitted
2026-02-01T16:26,2,2,left_without_being_seen
2026-03-14T21:50,3,52,discharged_home
2026-01-24T05:11,5,169,discharged_home
2026-01-11T19:55,2,5,admitted
2026-02-18T19:43,3,33,discharged_home
2026-01-31T15:58,4,115,admitted
2026-03-16T04:14,1,0,discharged_home
2026-03-01T20:16,4,89,discharged_home
2026-02-28T08:42,4,115,discharged_home
2026-01-02T14:57,4,80,discharged_home
2026-02-06T21:34,4,75,discharged_home
2026-01-21T02:28,3,47,transferred
2026-02-14T18:19,5,39,discharged_home
2026-03-23T13:44,4,98,discharged_home
2026-02-02T14:54,2,17,discharged_home
2026-02-08T06:24,4,35,transferred
2026-03-03T03:15,3,66,discharged_home
2026-02-18T18:22,4,112,admitted
2026-03-15T09:44,3,63,discharged_home
2026-02-07T00:53,4,96,discharged_home
2026-03-26T12:17,4,42,discharged_home
2026-01-02T18:55,3,67,discharged_home
2026-03-29T23:03,4,107,transferred
2026-03-19T23:31,4,0,admitted
2026-02-06T07:38,4,63,admitted
2026-02-15T07:40,5,244,discharged_home
2026-01-25T19:16,2,21,admitted
2026-03-28T23:49,3,41,discharged_home
2026-03-26T21:53,5,80,left_without_being_seen
2026-01-18T20:06,3,49,admitted
2026-03-22T20:02,4,44,left_without_being_seen
2026-02-09T14:02,1,2,left_without_being_seen
2026-03-16T11:46,4,105,discharged_home
2026-01-17T02:58,2,8,left_without_being_seen
2026-02-07T10:47,4,67,discharged_home
2026-02-23T05:12,5,116,admitted
2026-01-17T17:56,3,23,admitted
2026-02-16T16:32,4,56,admitted
2026-02-04T05:16,3,32,left_without_being_seen
2026-03-03T09:47,4,72,admitted
2026-02-13T03:29,4,92,discharged_home
2026-01-10T04:48,3,28,admitted
2026-01-29T21:46,3,31,discharged_home
2026-03-28T12:54,2,15,admitted
2026-03-13T11:05,3,27,discharged_home
2026-02-20T00:16,3,37,discharged_home
2026-03-10T03:29,4,43,discharged_home
2026-02-17T21:47,2,13,admitted
2026-03-28T08:37,4,175,admitted
2026-02-18T20:23,4,71,discharged_home
2026-01-14T21:14,4,43,admitted
2026-03-02T00:39,3,71,discharged_home
2026-03-13T10:58,4,62,discharged_home
2026-03-20T07:41,5,155,left_without_being_seen
2026-01-09T20:52,5,4,discharged_home
2026-03-01T22:19,3,37,discharged_home
2026-03-25T13:07,4,22,discharged_home
2026-01-18T01:02,4,110,discharged_home
2026-02-08T15:07,3,31,discharged_home
2026-01-13T07:56,4,65,transferred
2026-03-10T04:24,3,32,discharged_home
2026-02-28T11:42,4,158,admitted
2026-03-31T17:26,4,69,discharged_home
2026-03-17T23:46,4,83,admitted
2026-01-20T13:41,3,17,admitted
2026-01-13T15:39,3,27,transferred
2026-02-22T08:02,5,184,discharged_home
2026-03-30T11:13,3,61,discharged_home
2026-02-26T14:15,2,8,discharged_home
2026-02-16T03:43,5,95,left_without_being_seen
2026-02-17T17:57,3,47,admitted
2026-03-24T11:03,5,75,admitted
2026-02-20T08:12,5,72,left_without_being_seen
2026-01-16T14:05,4,51,discharged_home
2026-03-26T06:41,3,46,admitted
2026-03-23T19:01,4,39,admitted
2026-01-07T10:15,5,86,discharged_home
2026-01-17T18:13,4,52,discharged_home
2026-01-09T17:13,3,46,discharged_home
2026-03-17T06:52,5,95,left_without_being_seen
2026-01-30T10:49,3,64,admitted
2026-01-19T19:00,3,40,discharged_home
2026-02-05T04:08,5,0,discharged_home
2026-03-11T08:51,4,0,discharged_home
2026-01-23T03:42,3,70,admitted
2026-01-04T04:00,4,53,discharged_home
2026-02-15T07:37,3,44,admitted
2026-02-11T00:11,3,29,discharged_home
2026-02-03T01:08,2,19,discharged_home
2026-02-23T16:07,3,51,transferred
2026-01-09T15:28,3,73,admitted
2026-02-16T16:37,1,2,discharged_home
2026-01-14T14:32,3,62,discharged_home
2026-01-29T19:02,1,2,transferred
2026-03-26T16:19,3,42,discharged_home
2026-02-28T20:01,4,107,transferred
2026-01-08T15:54,5,100,left_without_being_seen
2026-02-21T13:43,3,54,left_without_being_seen
2026-01-14T15:45,3,65,discharged_home
2026-02-26T02:57,2,2,discharged_home
2026-01-11T10:38,4,60,transferred
2026-01-19T02:08,3,50,admitted
2026-02-05T19:40,2,10,admitted
2026-03-16T17:45,4,78,admitted
2026-02-11T12:38,4,0,discharged_home
2026-03-09T09:29,4,92,discharged_home
2026-03-06T19:27,4,132,discharged_home
2026-01-13T22:07,2,6,discharged_home
2026-03-25T20:56,5,243,left_without_being_seen
2026-03-12T23:55,5,203,discharged_home
2026-01-28T13:28,3,16,admitted
2026-01-30T13:21,3,61,admitted
2026-02-28T12:26,4,65,discharged_home
2026-01-13T10:27,3,1,discharged_home
2026-02-10T21:16,3,36,admitted
2026-02-17T04:43,2,17,discharged_home
2026-03-02T02:05,4,78,discharged_home
2026-01-11T02:27,5,147,left_without_being_seen
2026-01-13T23:47,5,212,discharged_home
2026-02-17T04:35,3,35,discharged_home
2026-01-08T18:35,4,78,admitted
2026-03-13T10:42,5,228,admitted
2026-01-16T13:22,4,97,discharged_home
2026-03-27T13:55,2,13,admitted
2026-01-07T09:38,5,49,discharged_home
2026-02-09T11:06,5,5,admitted
2026-03-15T16:13,2,6,discharged_home
2026-01-20T21:30,4,95,admitted
2026-01-29T03:22,4,24,discharged_home
2026-03-13T11:07,4,71,discharged_home
2026-02-05T18:14,3,63,discharged_home
2026-02-24T17:49,3,9,discharged_home
2026-03-21T19:43,3,0,discharged_home
2026-03-24T17:01,4,59,discharged_home
2026-03-19T21:53,3,59,transferred
2026-03-30T08:01,2,13,discharged_home
2026-01-24T08:44,1,2,discharged_home
2026-02-09T10:22,3,46,left_without_being_seen
2026-01-01T05:55,4,38,discharged_home
2026-01-19T18:42,2,6,discharged_home
2026-02-21T02:09,5,116,left_without_being_seen
2026-03-23T00:05,2,16,discharged_home
2026-03-09T06:24,4,0,discharged_home
2026-02-23T14:21,4,23,admitted
2026-01-21T11:19,3,24,discharged_home
2026-02-11T18:38,4,54,discharged_home
2026-01-11T01:09,3,41,admitted
2026-01-21T19:03,4,71,admitted
2026-03-28T02:17,5,95,discharged_home
2026-02-26T21:27,3,71,transferred
2026-03-04T19:28,3,38,discharged_home
2026-02-23T08:13,5,144,transferred
2026-03-07T03:22,3,51,discharged_home
2026-02-25T03:18,4,47,discharged_home
2026-03-28T21:37,4,143,admitted
2026-03-04T16:42,4,120,discharged_home
2026-02-09T01:14,3,40,discharged_home
2026-02-20T19:03,3,36,discharged_home
2026-01-01T06:19,3,61,discharged_home
2026-01-28T04:48,3,36,discharged_home
2026-02-02T09:20,3,45,discharged_home
2026-01-16T00:31,4,70,discharged_home
2026-02-25T05:08,3,49,left_without_being_seen
2026-02-18T17:45,1,3,discharged_home
2026-01-30T16:35,2,18,transferred
2026-03-27T11:04,3,13,discharged_home
2026-02-20T23:02,4,96,discharged_home
2026-02-25T00:29,3,32,discharged_home
2026-01-10T10:36,5,51,admitted
2026-02-24T18:25,3,57,admitted
2026-03-23T13:18,3,69,admitted
2026-01-15T12:01,4,93,transferred
2026-02-11T05:51,3,31,admitted
2026-03-21T14:53,1,0,admitted
2026-03-30T11:05,4,124,admitted
2026-02-25T03:15,4,71,discharged_home
2026-02-25T18:25,3,37,left_without_being_seen
2026-03-09T02:25,4,110,admitted
2026-02-09T23:21,5,63,discharged_home
2026-01-29T10:49,4,71,discharged_home
2026-01-22T02:32,4,52,admitted
2026-03-23T03:33,3,35,discharged_home
2026-03-07T06:57,5,71,admitted
2026-02-14T11:46,3,0,discharged_home
2026-03-24T04:15,3,30,discharged_home
2026-01-14T04:16,3,63,discharged_home
2026-01-26T05:38,3,43,admitted
2026-01-20T20:04,3,16,discharged_home
2026-01-23T20:31,2,1,admitted
2026-03-01T18:48,3,20,discharged_home
2026-03-16T14:43,3,49,discharged_home
2026-03-14T20:40,5,64,discharged_home
2026-03-21T10:55,3,23,discharged_home
2026-03-22T10:09,4,111,discharged_home
2026-02-26T02:30,3,47,discharged_home
2026-02-26T20:19,3,15,admitted
2026-02-05T18:03,5,188,discharged_home
2026-02-15T16:04,5,188,left_without_being_seen
2026-02-09T14:28,3,72,discharged_home
2026-01-05T01:23,4,17,discharged_home
2026-02-06T02:41,4,4,discharged_home
2026-01-12T19:38,3,41,discharged_home
2026-03-06T12:29,4,90,discharged_home
2026-03-16T17:50,1,1,discharged_home
2026-01-06T14:58,3,25,discharged_home
2026-03-15T20:12,2,17,discharged_home
2026-02-11T19:30,4,91,discharged_home
2026-03-06T04:03,4,102,discharged_home
2026-02-27T03:51,3,71,discharged_home
2026-02-13T22:05,3,18,discharged_home
2026-03-06T20:11,4,103,admitted
2026-01-06T07:45,2,13,discharged_home
2026-02-26T14:33,2,6,discharged_home
2026-03-08T19:10,3,52,discharged_home
2026-02-16T11:58,4,73,admitted
2026-02-06T12:26,2,5,discharged_home
2026-02-13T21:38,3,74,admitted
2026-01-07T20:41,4,81,discharged_home
2026-02-12T02:21,4,110,admitted
2026-01-13T17:43,2,1,discharged_home
2026-02-19T09:16,3,58,admitted
2026-03-26T19:55,4,83,discharged_home
2026-01-20T10:05,5,9,discharged_home
2026-03-16T21:09,4,88,admitted
2026-02-14T09:41,1,2,admitted
2026-03-31T21:25,3,60,discharged_home
2026-01-17T19:45,1,3,discharged_home
2026-01-11T09:35,3,50,discharged_home
2026-02-18T20:50,2,23,admitted
2026-02-12T04:42,4,83,admitted
2026-03-31T23:43,3,50,discharged_home
2026-03-09T02:41,4,40,admitted
2026-03-27T13:32,1,3,discharged_home
2026-02-16T00:23,5,135,discharged_home
2026-02-09T05:13,2,15,discharged_home
2026-02-13T15:12,3,8,admitted
2026-01-29T04:09,2,21,discharged_home
2026-01-10T09:54,2,20,discharged_home
2026-01-13T16:49,5,0,discharged_home
2026-03-11T23:56,4,29,discharged_home
2026-03-09T01:42,4,34,discharged_home
2026-02-13T19:08,3,44,admitted
2026-03-18T12:09,4,39,discharged_home
2026-01-21T05:53,4,94,discharged_home
2026-03-30T19:51,4,88,discharged_home
2026-01-22T23:28,3,77,discharged_home
2026-01-06T13:23,3,18,admitted
2026-03-28T23:15,5,126,discharged_home
2026-02-26T19:18,4,38,admitted
2026-02-27T07:34,2,13,discharged_home
2026-01-31T09:51,3,20,discharged_home
2026-03-02T06:23,4,74,discharged_home
2026-03-28T18:28,3,26,discharged_home
2026-03-01T09:49,4,134,discharged_home
2026-02-18T16:33,4,96,discharged_home
2026-02-23T05:52,3,47,discharged_home
2026-01-26T19:08,5,246,admitted
2026-02-02T01:41,3,18,discharged_home
2026-03-03T11:35,3,61,discharged_home
2026-01-14T22:54,4,100,admitted
2026-03-08T03:18,2,11,discharged_home
2026-01-11T05:17,5,91,discharged_home
2026-02-27T16:09,4,68,admitted
2026-02-25T02:58,4,31,admitted
2026-01-29T14:56,5,20,discharged_home
2026-02-14T00:26,3,24,discharged_home
2026-01-07T12:32,2,23,discharged_home
2026-02-17T07:24,5,156,discharged_home
2026-01-11T11:14,4,79,discharged_home
2026-01-04T10:59,4,11,admitted
2026-01-13T22:41,3,18,admitted
2026-02-12T04:08,4,156,discharged_home
2026-01-05T09:58,4,119,discharged_home
2026-03-02T22:53,4,44,discharged_home
2026-01-18T22:30,5,135,discharged_home
2026-02-27T19:00,3,36,discharged_home
2026-01-11T00:16,4,72,admitted
2026-01-28T04:35,5,162,left_without_being_seen
2026-03-19T16:27,2,20,discharged_home
2026-01-15T09:15,4,93,admitted
2026-02-08T03:03,5,167,discharged_home
2026-01-31T13:40,5,158,discharged_home
2026-03-21T14:04,5,0,discharged_home
2026-01-15T15:38,4,49,discharged_home
2026-03-10T00:40,4,59,discharged_home
2026-03-07T18:15,2,17,discharged_home
2026-01-19T09:27,3,41,discharged_home
2026-01-01T19:22,2,14,discharged_home
2026-01-31T18:26,3,45,discharged_home
2026-01-24T21:42,4,91,discharged_home
2026-01-11T16:23,4,116,discharged_home
2026-01-09T16:34,5,277,discharged_home
2026-03-06T16:35,4,108,discharged_home
2026-01-03T12:55,3,40,discharged_home
2026-03-02T01:40,4,51,admitted
2026-02-19T11:16,4,70,admitted
2026-01-03T11:50,3,22,admitted
2026-01-09T11:15,3,35,discharged_home
2026-03-26T20:06,4,53,discharged_home
2026-03-16T23:48,4,75,admitted
2026-02-12T04:02,2,4,discharged_home
2026-02-15T17:21,4,80,transferred
2026-03-24T05:53,2,18,admitted
2026-03-29T14:44,2,13,discharged_home
2026-03-03T20:11,2,3,transferred
2026-01-18T02:45,5,100,discharged_home
2026-02-28T01:18,2,10,admitted
2026-01-26T01:50,4,48,left_without_being_seen
2026-01-26T01:20,4,26,transferred
2026-02-09T16:25,3,56,admitted
2026-03-11T15:16,1,0,discharged_home
2026-01-05T20:12,4,63,discharged_home
2026-02-06T11:55,1,0,discharged_home
2026-01-07T20:21,3,67,discharged_home
2026-02-04T03:51,3,50,admitted
2026-02-17T13:56,2,14,discharged_home
2026-02-21T23:28,4,54,discharged_home
2026-02-19T10:11,5,118,discharged_home
2026-03-05T22:31,4,61,left_without_being_seen
2026-02-17T16:17,3,38,admitted
2026-01-11T23:27,3,38,discharged_home
2026-01-11T13:38,5,162,discharged_home
2026-01-24T17:18,4,54,discharged_home
2026-02-11T03:05,4,91,discharged_home
2026-02-11T21:18,2,14,discharged_home
2026-02-09T14:38,2,19,discharged_home
2026-02-24T05:44,4,0,left_without_being_seen
2026-02-26T11:28,2,6,admitted
2026-01-06T23:55,3,68,transferred
2026-02-15T19:27,5,92,left_without_being_seen
2026-02-05T20:50,4,30,discharged_home
2026-01-08T02:42,3,66,admitted
2026-03-23T12:23,4,144,discharged_home
2026-03-07T23:43,4,100,admitted
2026-01-21T00:09,3,22,discharged_home
2026-03-19T21:50,4,107,discharged_home
2026-02-26T01:08,4,34,discharged_home
2026-01-09T07:49,4,33,admitted
2026-03-24T11:23,3,37,discharged_home
2026-02-19T18:02,4,5,discharged_home
2026-03-19T04:43,1,1,discharged_home
2026-02-27T11:23,5,122,admitted
2026-02-26T02:36,4,26,discharged_home
2026-01-18T16:23,3,56,admitted
2026-02-20T10:41,1,2,discharged_home
2026-02-05T07:07,4,83,discharged_home
2026-01-04T23:11,3,55,discharged_home
2026-03-05T16:24,5,47,admitted
2026-03-13T03:16,3,43,admitted
2026-02-03T22:28,3,78,discharged_home
2026-01-28T19:18,4,124,admitted
2026-03-30T15:12,2,12,admitted
2026-01-16T04:54,3,13,discharged_home
2026-01-10T14:11,4,115,transferred
2026-02-26T02:51,1,2,admitted
2026-03-29T10:42,5,279,left_without_being_seen
2026-02-14T22:04,4,19,transferred
2026-03-12T17:18,5,66,left_without_being_seen
2026-02-08T05:45,2,18,admitted
2026-03-31T20:11,5,76,discharged_home
2026-02-16T16:14,5,83,discharged_home
2026-01-16T06:50,4,104,discharged_home
2026-01-18T07:50,3,22,discharged_home
2026-03-05T00:23,3,38,transferred
2026-03-12T18:23,3,40,discharged_home
2026-03-01T17:08,4,38,discharged_home
2026-03-20T02:04,4,64,discharged_home
2026-02-09T12:45,3,0,discharged_home
2026-03-03T16:26,4,76,discharged_home
2026-02-22T18:04,3,8,admitted
2026-01-17T10:41,4,51,discharged_home
2026-01-10T14:29,3,46,discharged_home
2026-03-29T16:22,3,43,transferred
2026-01-17T17:40,3,28,discharged_home
2026-03-17T05:49,2,10,admitted
2026-01-17T13:32,3,42,discharged_home
2026-01-08T03:33,5,143,left_without_being_seen
2026-01-20T09:10,4,91,transferred
2026-01-21T10:59,4,44,discharged_home
2026-01-29T11:33,4,81,admitted
2026-02-06T02:16,3,80,discharged_home
2026-01-26T20:35,5,207,left_without_being_seen
2026-02-05T04:40,4,27,transferred
2026-02-08T19:34,3,57,discharged_home
2026-01-12T16:41,3,54,discharged_home
2026-01-22T18:37,3,39,discharged_home
2026-01-20T05:42,5,120,discharged_home
2026-03-21T23:57,3,41,admitted
2026-03-19T10:53,4,121,discharged_home
2026-03-14T01:52,4,122,discharged_home
2026-01-04T02:02,4,69,admitted
2026-03-24T18:16,4,120,discharged_home
2026-03-25T06:49,5,198,left_without_being_seen
2026-03-15T13:39,2,17,admitted
2026-03-23T00:31,5,115,left_without_being_seen
2026-03-22T17:18,4,40,transferred
2026-03-24T09:30,3,22,discharged_home
2026-02-01T21:25,3,46,discharged_home
2026-02-08T14:04,3,38,discharged_home
2026-03-30T01:10,4,112,discharged_home
2026-02-26T13:30,4,69,admitted
2026-03-01T06:21,5,118,left_without_being_seen
2026-03-19T04:20,4,71,discharged_home
2026-02-10T23:55,3,26,discharged_home
2026-02-14T12:08,4,96,discharged_home
2026-02-17T16:35,4,107,discharged_home
2026-01-14T10:15,3,22,discharged_home
2026-03-01T03:17,5,181,discharged_home
2026-02-27T07:09,2,11,admitted
2026-01-13T01:18,3,24,admitted
2026-02-19T19:26,2,15,discharged_home
2026-02-01T05:52,5,65,discharged_home
2026-02-11T18:46,3,34,discharged_home
2026-02-10T06:48,4,53,admitted
2026-01-21T15:32,5,151,discharged_home
2026-03-01T15:56,2,19,discharged_home
2026-02-09T15:01,4,58,discharged_home
2026-01-12T12:32,4,85,discharged_home
2026-02-28T07:13,5,128,left_without_being_seen
2026-03-16T11:03,3,42,discharged_home
2026-01-07T09:31,2,12,discharged_home
2026-03-18T20:43,3,50,discharged_home
2026-03-02T09:34,4,54,admitted
2026-01-02T03:27,3,23,admitted
2026-01-18T08:46,3,23,discharged_home
2026-02-16T12:23,3,3,discharged_home
2026-01-06T12:03,5,50,discharged_home
2026-03-14T17:12,3,35,admitted
2026-02-16T17:18,3,31,admitted
2026-01-10T12:32,4,86,admitted
2026-02-27T17:17,2,6,discharged_home
2026-03-21T21:39,3,41,admitted
2026-01-16T04:06,5,214,discharged_home
2026-02-20T11:50,5,146,admitted
2026-02-13T17:23,4,65,discharged_home
2026-01-19T06:38,5,119,discharged_home
2026-03-07T12:32,3,42,discharged_home
2026-01-06T01:02,3,14,discharged_home
2026-01-18T22:21,3,41,discharged_home
2026-03-02T16:29,4,99,discharged_home
2026-01-20T19:57,3,53,discharged_home
2026-03-07T04:20,2,4,admitted
2026-03-20T10:10,3,3,transferred
2026-02-20T19:47,5,105,discharged_home
2026-02-08T18:21,3,35,transferred
2026-03-06T16:34,3,30,left_without_being_seen
2026-03-04T22:36,3,43,discharged_home
2026-02-08T15:52,3,15,admitted
2026-01-03T11:21,5,161,left_without_being_seen
2026-03-28T03:26,5,206,admitted
2026-03-16T09:50,3,47,discharged_home
2026-03-30T20:01,4,38,discharged_home
2026-03-18T15:16,4,60,discharged_home
2026-03-25T18:36,2,8,admitted
2026-01-30T23:03,4,48,discharged_home
2026-03-16T15:10,4,115,admitted
2026-03-09T20:46,4,57,discharged_home
2026-03-21T12:09,3,62,admitted
2026-03-29T07:02,4,33,discharged_home
2026-03-15T22:07,2,3,discharged_home
2026-01-25T00:28,2,15,admitted
2026-02-10T13:09,3,37,admitted
2026-02-22T22:13,3,33,transferred
2026-02-22T16:49,3,44,discharged_home
2026-03-20T15:55,4,137,discharged_home
2026-01-08T22:08,3,17,discharged_home
2026-03-08T06:35,3,9,transferred
2026-02-11T21:30,4,110,admitted
2026-03-09T12:20,3,42,discharged_home
2026-01-23T14:58,3,43,discharged_home
2026-03-10T10:34,3,41,transferred
2026-02-15T21:49,4,0,discharged_home
2026-03-29T20:51,4,68,discharged_home
2026-03-30T08:39,4,45,discharged_home
2026-03-03T06:15,3,1,discharged_home
2026-02-05T17:19,5,220,left_without_being_seen
2026-01-29T09:49,5,176,discharged_home
2026-02-06T22:13,2,22,discharged_home
2026-03-30T22:31,4,39,discharged_home
2026-02-10T15:22,4,96,discharged_home
2026-03-13T23:17,3,24,admitted
2026-02-06T03:36,4,18,transferred
2026-03-28T17:24,4,71,transferred
2026-02-20T11:49,3,56,discharged_home
2026-01-19T09:02,4,72,admitted
2026-02-06T22:05,4,65,admitted
2026-02-14T14:41,1,1,left_without_being_seen
2026-02-02T23:30,3,56,discharged_home
2026-01-28T06:52,3,46,discharged_home
2026-03-10T08:59,4,108,left_without_being_seen
2026-03-13T22:17,4,103,discharged_home
2026-01-18T03:39,4,61,discharged_home
2026-03-17T07:15,4,46,discharged_home
2026-01-07T21:57,4,59,discharged_home
2026-03-09T07:40,2,17,discharged_home
2026-01-30T01:06,5,111,discharged_home
2026-02-22T10:45,4,27,discharged_home
2026-03-02T03:43,4,53,admitted
2026-01-18T00:35,3,26,discharged_home
2026-01-21T13:41,5,82,left_without_being_seen
2026-03-02T15:41,4,145,transferred
2026-01-26T09:20,4,52,discharged_home
2026-02-06T20:03,4,88,discharged_home
2026-01-12T20:36,4,60,discharged_home
2026-01-30T17:47,5,58,discharged_home
2026-01-05T05:26,5,162,discharged_home
2026-01-23T01:53,4,129,discharged_home
2026-02-20T15:11,4,193,discharged_home
2026-02-07T01:00,4,32,admitted
2026-02-08T18:38,4,147,discharged_home
2026-01-14T10:18,3,23,discharged_home
2026-02-28T20:34,3,0,discharged_home
2026-03-09T15:56,1,2,discharged_home
2026-01-18T16:29,3,69,discharged_home
2026-02-04T06:51,2,14,left_without_being_seen
2026-01-15T10:10,4,23,discharged_home
2026-02-28T20:16,3,49,admitted
2026-01-24T00:47,2,9,admitted
2026-02-13T09:36,4,98,discharged_home
2026-03-28T06:11,2,6,admitted
2026-03-20T20:57,2,13,discharged_home
2026-02-21T13:32,2,11,discharged_home
2026-02-11T02:25,3,26,discharged_home
2026-03-27T03:11,1,4,discharged_home
2026-01-18T15:20,3,10,discharged_home
2026-02-01T00:16,2,7,discharged_home
2026-02-19T07:28,5,113,left_without_being_seen
2026-02-04T10:19,5,233,discharged_home
2026-03-16T23:36,4,105,discharged_home
2026-01-02T08:41,4,44,discharged_home
2026-02-16T22:15,5,192,admitted
2026-01-08T21:07,4,82,discharged_home
2026-03-01T09:10,3,52,discharged_home
2026-02-21T21:32,5,175,admitted
2026-02-09T22:07,1,4,transferred
2026-03-23T09:23,3,23,discharged_home
2026-03-20T07:14,5,141,discharged_home
2026-01-18T15:09,2,20,discharged_home
2026-02-28T23:38,5,159,transferred
2026-02-17T13:44,5,68,discharged_home
2026-03-12T15:48,3,44,discharged_home
2026-03-10T21:52,4,30,admitted
2026-01-28T07:43,4,114,discharged_home
2026-03-18T02:33,3,29,discharged_home
2026-02-27T16:45,4,79,admitted
2026-02-16T02:58,5,104,discharged_home
2026-03-14T03:03,4,63,discharged_home
2026-03-12T16:12,4,124,discharged_home
2026-03-15T17:09,2,10,discharged_home
2026-01-22T10:54,5,204,discharged_home
2026-03-08T14:07,5,104,left_without_being_seen
2026-03-29T06:45,5,58,transferred
2026-03-16T15:05,3,64,discharged_home
2026-03-07T14:51,4,97,discharged_home
2026-01-08T14:08,2,8,discharged_home
2026-03-07T13:29,3,63,left_without_being_seen
2026-03-14T01:35,3,54,discharged_home
2026-03-01T21:51,3,34,transferred
2026-02-09T23:01,3,42,discharged_home
2026-02-20T08:52,4,133,discharged_home
2026-01-01T23:13,4,17,admitted
2026-03-16T02:02,2,10,admitted
2026-02-24T11:44,3,2,discharged_home
2026-01-09T17:03,2,17,admitted
2026-01-09T15:02,4,82,discharged_home
2026-02-06T13:11,3,24,discharged_home
2026-01-18T20:46,1,3,discharged_home
2026-03-24T13:23,4,70,left_without_being_seen
2026-02-18T14:55,3,30,discharged_home
2026-02-18T12:05,5,170,left_without_being_seen
2026-03-29T21:55,5,236,discharged_home
2026-03-11T04:41,4,89,discharged_home
2026-02-14T03:11,2,11,discharged_home
2026-03-10T12:33,4,78,discharged_home
2026-01-17T23:14,5,81,discharged_home
2026-01-01T00:19,4,50,left_without_being_seen
2026-03-01T21:46,4,78,admitted
2026-03-11T13:34,4,58,admitted
2026-02-18T07:15,2,16,admitted
2026-02-28T11:09,4,17,admitted
2026-02-05T06:59,3,34,transferred
2026-01-15T01:51,3,37,admitted
2026-03-26T13:39,5,149,discharged_home
2026-01-03T07:13,4,85,admitted
2026-01-09T03:38,3,28,admitted
2026-01-05T14:38,1,1,discharged_home
2026-03-28T22:55,4,88,discharged_home
2026-01-07T07:47,1,2,discharged_home
2026-01-06T12:28,4,84,discharged_home
2026-01-30T17:13,3,58,transferred
2026-01-08T04:32,5,28,discharged_home
2026-02-07T07:52,4,84,admitted
2026-03-15T10:36,3,17,discharged_home
2026-03-18T21:52,5,137,admitted
2026-02-11T07:19,3,26,discharged_home
2026-01-19T21:33,4,42,admitted
2026-01-29T13:19,3,16,transferred
2026-02-05T01:35,5,181,left_without_being_seen
2026-03-17T23:58,1,0,discharged_home
2026-01-23T20:43,5,132,admitted
2026-02-24T17:31,3,48,discharged_home
2026-01-07T11:41,4,87,discharged_home
2026-03-27T12:50,3,3,admitted
2026-03-09T10:44,5,129,transferred
2026-02-23T13:09,3,60,discharged_home
2026-02-08T12:11,4,85,discharged_home
2026-03-10T15:15,3,38,discharged_home
2026-01-29T09:54,3,8,discharged_home
2026-01-19T14:58,4,30,discharged_home
2026-01-08T17:26,4,5,discharged_home
2026-02-23T17:33,3,54,admitted
2026-01-18T12:15,4,81,discharged_home
2026-02-02T06:21,5,272,discharged_home
2026-03-24T02:59,5,143,left_without_being_seen
2026-02-27T11:05,4,34,discharged_home
2026-03-10T23:53,3,36,discharged_home
2026-01-25T01:17,5,72,discharged_home
2026-02-18T21:38,5,179,left_without_being_seen
2026-03-19T01:55,4,64,discharged_home
2026-01-10T06:51,4,32,discharged_home
2026-03-17T23:42,2,17,admitted
2026-03-13T06:30,3,12,discharged_home
2026-01-27T10:19,3,17,admitted
2026-01-02T06:59,3,36,discharged_home
2026-01-25T23:07,4,88,left_without_being_seen
2026-03-03T07:44,3,60,discharged_home
2026-03-19T22:13,2,17,discharged_home
2026-02-20T07:35,2,21,admitted
2026-02-11T09:24,5,169,admitted
2026-03-01T17:41,5,33,admitted
2026-02-15T09:16,5,116,admitted
2026-02-16T16:56,3,60,discharged_home
2026-03-05T14:06,2,2,admitted
2026-03-02T10:58,3,29,discharged_home
2026-01-27T11:20,3,12,discharged_home
2026-02-22T01:36,3,26,admitted
2026-01-29T23:09,3,51,admitted
2026-01-03T08:35,4,93,discharged_home
2026-03-16T18:46,3,45,discharged_home
2026-02-23T09:09,3,40,admitted
2026-01-26T10:14,3,31,discharged_home
2026-02-18T18:53,4,46,discharged_home
2026-02-01T15:35,3,57,discharged_home
2026-03-25T21:21,4,100,discharged_home
2026-02-02T15:46,5,55,admitted
2026-03-24T23:31,4,12,discharged_home
2026-02-28T05:46,3,47,discharged_home
2026-02-15T05:08,5,256,discharged_home
2026-03-11T15:11,2,18,admitted
2026-03-11T20:03,4,39,discharged_home
2026-03-09T01:53,3,27,admitted
2026-01-10T21:03,4,90,admitted
2026-01-01T13:08,4,101,discharged_home
2026-03-22T07:04,4,86,discharged_home
2026-01-20T00:13,4,44,discharged_home
2026-03-06T14:23,4,55,discharged_home
2026-01-08T19:40,2,12,discharged_home
2026-03-27T19:58,3,17,discharged_home
2026-03-03T21:31,4,80,admitted
2026-01-03T00:34,2,0,admitted
2026-03-12T13:00,4,151,discharged_home
2026-01-03T16:46,4,49,admitted
2026-02-05T17:18,2,13,admitted
2026-01-03T16:52,2,7,transferred
2026-03-31T21:27,4,21,discharged_home
2026-01-23T03:58,4,87,admitted
2026-01-13T16:09,4,55,discharged_home
2026-01-31T06:39,5,71,left_without_being_seen
2026-03-09T08:52,1,1,discharged_home
2026-02-15T08:50,4,93,discharged_home
2026-02-20T02:23,2,18,discharged_home
2026-02-21T14:36,5,121,admitted
2026-02-01T22:14,3,54,discharged_home
2026-02-08T21:52,4,49,discharged_home
2026-01-11T20:54,4,72,transferred
2026-03-25T01:05,4,84,admitted
2026-02-21T12:24,5,3,discharged_home
2026-03-12T15:03,4,126,discharged_home
2026-03-23T00:44,4,34,admitted
2026-01-22T02:31,3,44,admitted
2026-02-25T20:50,4,43,discharged_home
2026-02-12T18:54,5,14,admitted
2026-01-13T16:58,4,0,discharged_home
2026-01-06T07:13,3,60,discharged_home
2026-03-30T18:30,3,32,discharged_home
2026-02-04T01:59,3,48,admitted
2026-01-10T21:59,5,174,discharged_home
2026-02-05T17:36,3,21,discharged_home
2026-03-26T01:11,4,78,admitted
2026-02-10T00:13,3,59,admitted
2026-03-17T04:48,2,13,discharged_home
2026-02-20T02:19,4,31,discharged_home
2026-01-21T18:15,3,12,admitted
2026-03-14T12:43,4,119,discharged_home
2026-03-11T10:24,4,144,admitted
2026-01-18T22:46,3,54,transferred
2026-01-11T16:47,4,90,admitted
2026-02-14T01:06,2,13,discharged_home
2026-02-25T07:53,4,123,discharged_home
2026-01-10T10:38,4,57,discharged_home
2026-03-20T19:25,3,52,transferred
2026-02-11T00:40,1,0,discharged_home
2026-02-04T14:31,3,43,admitted
2026-01-30T11:35,4,90,discharged_home
2026-02-18T13:11,5,92,discharged_home
2026-03-29T18:42,4,52,discharged_home
2026-02-18T02:49,4,57,discharged_home
2026-03-21T09:51,3,0,left_without_being_seen
2026-02-01T22:04,3,15,admitted
2026-01-11T08:09,3,7,discharged_home
2026-02-18T22:50,3,45,discharged_home
2026-03-23T04:47,2,16,admitted
2026-02-19T10:23,5,147,discharged_home
2026-01-14T02:00,5,52,admitted
2026-02-09T14:23,3,58,admitted
2026-02-04T03:08,3,34,discharged_home
2026-01-12T05:27,3,20,admitted
2026-02-27T17:35,4,56,discharged_home
2026-03-07T13:06,4,115,discharged_home
2026-01-04T02:22,4,22,admitted
2026-03-12T02:38,4,103,discharged_home
2026-03-18T10:55,4,93,discharged_home
2026-02-19T00:18,5,72,left_without_being_seen
2026-02-22T12:49,4,102,admitted
2026-01-11T23:57,4,51,discharged_home
2026-03-13T07:36,3,18,discharged_home
2026-03-08T05:43,3,74,discharged_home
2026-02-18T05:08,5,154,discharged_home
2026-02-04T09:17,2,15,admitted
2026-03-05T04:04,5,220,discharged_home
2026-01-22T13:17,4,106,admitted
2026-02-23T09:30,3,18,discharged_home
2026-01-10T11:16,3,44,discharged_home
2026-02-01T23:40,3,20,admitted
2026-03-05T19:39,5,144,discharged_home
2026-01-26T14:06,4,106,transferred
2026-01-18T09:00,5,50,discharged_home
2026-02-20T10:53,4,52,admitted
2026-03-21T12:51,4,63,discharged_home
2026-02-12T14:21,2,4,admitted
2026-02-25T20:38,5,248,left_without_being_seen
2026-01-18T09:20,3,41,transferred
2026-03-19T22:12,4,38,discharged_home
2026-03-03T10:11,4,113,admitted
2026-02-20T10:18,3,55,discharged_home
2026-03-30T20:31,2,15,left_without_being_seen
2026-03-15T07:20,4,0,discharged_home
2026-02-18T08:52,3,46,discharged_home
2026-02-20T11:07,3,62,discharged_home
2026-03-14T06:37,4,34,admitted
2026-03-11T05:43,1,1,discharged_home
2026-03-12T00:46,3,51,discharged_home
2026-03-01T22:13,4,43,admitted
2026-02-26T09:53,5,223,discharged_home
2026-03-30T02:52,1,1,admitted
2026-02-22T21:31,4,117,admitted
2026-01-18T20:19,3,0,discharged_home
2026-01-31T08:42,4,41,discharged_home
2026-01-20T22:27,4,103,admitted
2026-02-18T02:28,3,58,discharged_home
2026-03-18T15:37,3,46,discharged_home
2026-02-21T17:32,4,49,admitted
2026-03-30T13:34,4,0,discharged_home
2026-01-05T11:44,5,0,discharged_home
2026-03-10T19:40,5,0,discharged_home
2026-01-11T03:49,4,98,discharged_home
2026-02-01T21:42,3,68,discharged_home
2026-02-15T05:41,3,33,transferred
2026-03-20T01:36,4,98,discharged_home
2026-03-24T21:41,4,63,admitted
2026-02-21T10:50,4,39,discharged_home
2026-02-25T03:00,4,53,discharged_home
2026-01-13T08:14,5,99,left_without_being_seen
2026-03-07T23:33,3,21,left_without_being_seen
2026-03-13T18:44,4,76,admitted
2026-03-15T07:28,4,93,admitted
2026-02-17T12:29,4,35,discharged_home
2026-03-28T18:44,4,107,admitted
2026-03-06T04:22,3,42,admitted
2026-01-04T15:06,5,225,left_without_being_seen
2026-02-07T13:58,3,24,admitted
2026-01-11T03:53,3,10,admitted
2026-01-19T11:19,5,98,left_without_being_seen
2026-02-13T14:50,3,56,admitted
2026-01-27T16:30,3,48,discharged_home
2026-02-14T15:06,4,79,discharged_home
2026-02-26T23:44,3,29,discharged_home
2026-02-27T10:04,4,96,discharged_home
2026-02-08T01:51,4,70,discharged_home
2026-01-15T00:54,5,90,left_without_being_seen
2026-02-13T20:06,5,168,discharged_home
2026-03-28T05:59,5,285,transferred
2026-02-01T16:11,1,3,transferred
2026-03-12T05:21,2,16,discharged_home
2026-03-13T13:29,4,79,admitted
2026-01-30T12:40,4,71,admitted
2026-01-24T05:40,4,0,discharged_home
2026-03-26T13:25,4,30,discharged_home
2026-01-04T23:39,3,37,discharged_home
2026-01-26T14:37,4,45,discharged_home
2026-02-24T12:00,3,38,discharged_home
2026-01-28T06:17,4,75,discharged_home
2026-01-09T18:06,4,90,admitted
2026-03-10T05:23,4,42,discharged_home
2026-02-11T06:29,5,136,left_without_being_seen
2026-01-15T08:42,2,10,discharged_home
2026-03-04T16:40,2,9,discharged_home
2026-02-10T19:24,2,3,discharged_home
2026-03-20T12:37,3,62,discharged_home
2026-01-15T11:22,3,50,admitted
2026-02-28T19:11,5,154,discharged_home
2026-03-28T22:51,2,4,discharged_home
2026-02-08T19:37,4,65,admitted
2026-01-11T21:08,4,99,discharged_home
2026-02-10T03:15,3,38,discharged_home
2026-02-09T03:11,4,33,discharged_home
2026-02-17T22:09,4,0,discharged_home
2026-03-07T12:26,3,90,admitted
2026-03-18T04:36,4,63,discharged_home
2026-02-19T13:11,3,32,transferred
2026-03-04T20:34,3,30,admitted
2026-03-30T20:59,4,93,discharged_home
2026-01-23T17:10,3,0,discharged_home
2026-03-04T09:08,5,39,admitted
2026-01-24T10:53,4,48,discharged_home
2026-02-27T19:03,3,65,discharged_home
2026-02-15T00:31,4,59,admitted
2026-01-18T06:52,4,86,discharged_home
2026-02-19T17:32,4,65,discharged_home
2026-03-25T15:26,5,119,discharged_home
2026-03-29T15:26,2,10,admitted
2026-02-26T15:10,5,125,left_without_being_seen
2026-01-11T18:01,4,84,admitted
2026-01-29T09:02,4,107,admitted
2026-02-05T07:34,2,4,admitted
2026-02-06T05:49,5,168,discharged_home
2026-02-28T18:47,3,49,admitted
2026-03-05T17:32,3,63,discharged_home
2026-01-15T18:07,2,8,admitted
2026-02-04T17:52,2,16,discharged_home
2026-02-16T17:52,4,69,discharged_home
2026-01-06T23:28,3,27,discharged_home
2026-03-11T06:27,4,92,discharged_home
2026-01-14T23:53,5,206,admitted
2026-03-25T07:19,2,26,admitted
2026-01-05T14:16,1,2,admitted
2026-02-14T02:28,4,110,admitted
2026-01-16T07:13,3,24,admitted
2026-03-17T22:22,4,24,discharged_home
2026-03-20T20:27,5,139,admitted
2026-01-22T19:08,4,55,discharged_home
2026-01-27T06:51,4,28,admitted
2026-01-08T18:22,3,42,discharged_home
2026-03-10T08:38,3,25,admitted
2026-03-10T05:20,3,56,discharged_home
2026-02-07T09:36,4,43,admitted
2026-02-04T16:57,5,160,discharged_home
2026-03-28T03:08,2,7,transferred
2026-02-22T01:17,4,135,admitted
2026-03-25T04:44,5,76,discharged_home
2026-01-17T07:09,2,4,discharged_home
2026-02-11T07:48,2,1,discharged_home
2026-03-28T12:31,4,32,admitted
2026-01-19T18:40,3,18,discharged_home
2026-02-04T20:26,4,61,admitted
2026-02-18T14:04,3,43,admitted
2026-03-23T02:25,5,76,left_without_being_seen
2026-03-07T23:17,3,53,discharged_home
2026-03-30T11:29,3,41,discharged_home
2026-03-04T10:37,5,217,left_without_being_seen
2026-01-01T23:05,5,214,left_without_being_seen
2026-02-28T20:42,2,21,discharged_home
2026-03-31T11:54,4,86,admitted
2026-01-09T17:25,4,58,discharged_home
2026-01-28T13:52,3,42,discharged_home
2026-01-28T15:17,1,3,discharged_home
2026-02-11T09:21,4,0,discharged_home
2026-03-12T18:08,3,38,left_without_being_seen
2026-03-14T15:50,2,19,discharged_home
2026-02-13T21:48,4,97,admitted
2026-01-07T01:06,4,67,discharged_home
2026-03-22T14:01,4,47,discharged_home
2026-01-16T05:28,3,12,discharged_home
2026-02-28T00:27,4,104,admitted
2026-01-26T22:58,4,111,discharged_home
2026-01-17T20:19,3,37,admitted
2026-01-21T08:05,3,47,transferred
2026-03-25T11:16,3,25,discharged_home
2026-01-11T11:42,3,33,discharged_home
2026-03-25T05:03,4,132,discharged_home
2026-02-20T20:19,4,71,discharged_home
2026-03-31T07:27,3,64,discharged_home
2026-03-25T02:45,4,79,discharged_home
2026-01-13T00:13,3,43,discharged_home
2026-03-03T02:08,4,69,discharged_home
2026-03-17T07:33,1,2,discharged_home
2026-03-29T14:00,3,83,admitted
2026-01-02T22:21,3,35,discharged_home
2026-01-16T13:44,2,15,admitted
2026-01-17T15:04,4,101,admitted
2026-01-30T12:05,4,191,admitted
2026-01-14T03:20,3,3,admitted
2026-02-17T09:08,4,62,discharged_home
2026-02-18T04:41,4,47,admitted
2026-03-28T04:04,5,120,discharged_home
2026-03-09T18:00,4,75,admitted
2026-03-20T20:10,4,66,transferred
2026-02-26T11:46,5,0,transferred
2026-01-28T20:47,4,151,admitted
2026-01-20T13:39,4,68,discharged_home
2026-03-29T14:55,4,15,discharged_home
2026-01-28T02:57,3,62,discharged_home
2026-01-13T04:48,3,38,transferred
2026-01-16T18:46,5,177,left_without_being_seen
2026-02-19T11:27,5,164,transferred
2026-02-10T04:15,4,156,discharged_home
2026-02-05T20:05,4,49,admitted
2026-02-01T17:38,4,68,discharged_home
2026-03-18T23:38,4,44,left_without_being_seen
2026-02-06T22:01,3,0,discharged_home
2026-03-26T09:13,5,128,left_without_being_seen
2026-03-08T19:32,5,152,admitted
2026-01-25T23:25,5,112,discharged_home
2026-02-07T20:03,3,51,admitted
2026-01-31T15:24,3,38,discharged_home
2026-01-15T07:31,3,31,discharged_home
2026-03-23T19:04,5,42,discharged_home
2026-03-09T00:23,4,74,admitted
2026-02-10T04:24,3,43,discharged_home
2026-03-14T13:23,3,49,discharged_home
2026-03-11T21:11,5,28,discharged_home
2026-03-02T02:01,4,87,discharged_home
2026-03-17T02:00,2,20,admitted
2026-02-03T06:02,4,110,transferred
2026-01-08T12:32,4,162,admitted
2026-02-06T20:45,4,6,discharged_home
2026-03-06T13:27,3,24,discharged_home
2026-03-31T12:05,3,35,admitted
2026-03-23T17:34,4,62,transferred
2026-03-20T04:17,3,23,transferred
2026-01-11T09:05,4,77,discharged_home
2026-03-07T06:51,4,84,discharged_home
2026-01-20T17:20,5,135,discharged_home
2026-02-20T18:40,2,5,discharged_home
2026-03-25T21:41,4,78,discharged_home
2026-01-09T09:44,1,1,transferred
2026-02-25T23:54,3,11,discharged_home
2026-01-31T01:15,4,15,discharged_home
2026-01-12T13:07,3,53,transferred
2026-02-28T19:38,2,10,admitted
2026-01-08T09:42,4,72,admitted
2026-03-26T23:11,2,10,admitted
2026-01-16T00:45,4,74,discharged_home
2026-01-18T22:00,5,158,admitted
2026-01-21T15:22,4,106,discharged_home
2026-03-08T16:50,4,15,discharged_home
2026-02-03T05:23,4,76,left_without_being_seen
2026-01-17T23:49,3,24,discharged_home
2026-02-04T23:56,3,25,admitted
2026-01-16T00:21,5,197,discharged_home
2026-02-24T08:33,5,103,left_without_being_seen
2026-01-09T08:45,1,1,discharged_home
2026-03-15T20:04,5,116,discharged_home
2026-03-05T14:32,4,94,transferred
2026-02-16T01:31,3,27,discharged_home
2026-03-14T05:23,2,12,admitted
2026-01-21T08:49,4,184,discharged_home
2026-01-14T18:43,4,71,discharged_home
2026-01-15T07:47,4,75,discharged_home
2026-03-07T00:02,2,7,admitted
2026-01-02T07:02,4,32,admitted
2026-03-02T11:24,3,48,discharged_home
2026-01-20T05:59,3,72,discharged_home
2026-01-05T17:51,1,2,transferred
2026-03-25T13:14,3,29,discharged_home
2026-02-11T07:26,4,61,discharged_home
2026-02-10T08:52,3,42,discharged_home
2026-01-10T18:23,2,15,discharged_home
2026-01-16T16:43,3,26,discharged_home
2026-01-07T05:14,5,74,discharged_home
2026-03-08T01:25,3,55,transferred
2026-01-09T14:55,4,164,discharged_home
2026-02-06T09:20,4,106,discharged_home
2026-01-12T17:29,2,12,transferred
2026-01-02T11:12,3,17,discharged_home
2026-02-07T18:50,4,85,admitted
2026-02-08T23:39,3,28,discharged_home
2026-02-01T14:23,4,66,discharged_home
2026-03-17T15:49,4,40,discharged_home
2026-01-26T23:57,3,49,discharged_home
2026-03-11T07:09,4,110,discharged_home
2026-01-01T13:01,2,13,discharged_home
2026-01-30T17:22,3,77,discharged_home
2026-03-23T22:56,4,71,discharged_home
2026-01-02T10:00,4,43,discharged_home
2026-03-26T12:54,5,91,left_without_being_seen
2026-02-09T03:13,5,28,discharged_home
2026-03-09T07:26,5,67,discharged_home
2026-03-04T01:09,3,27,admitted
2026-02-05T02:02,3,30,discharged_home
2026-01-30T16:26,4,47,discharged_home
2026-03-31T11:29,4,85,discharged_home
2026-01-11T18:06,4,90,admitted
2026-03-06T04:40,2,18,admitted
2026-02-20T02:37,2,8,admitted
2026-03-14T01:27,5,43,discharged_home
2026-03-26T04:15,4,102,discharged_home
2026-02-07T08:54,3,30,discharged_home
2026-02-10T12:44,1,2,discharged_home
2026-02-11T10:28,3,23,discharged_home
2026-02-04T07:04,3,39,discharged_home
2026-01-26T04:49,4,135,discharged_home
2026-03-16T03:09,3,45,discharged_home
2026-01-14T05:28,3,67,discharged_home
2026-03-01T10:26,3,46,discharged_home
2026-01-16T17:22,4,77,discharged_home
2026-01-27T14:19,5,179,admitted
2026-03-01T08:54,3,54,discharged_home
2026-01-16T02:10,3,48,admitted
2026-03-29T09:52,3,23,discharged_home
2026-03-31T19:02,2,6,discharged_home
2026-01-28T10:09,3,22,discharged_home
2026-01-12T22:15,2,13,transferred
2026-02-15T12:32,4,18,transferred
2026-01-07T21:19,3,33,admitted
2026-02-03T05:01,4,115,discharged_home
2026-02-21T14:35,5,143,left_without_being_seen
2026-03-12T07:06,2,14,discharged_home
2026-03-01T03:51,2,1,admitted
2026-01-18T03:00,4,84,left_without_being_seen
2026-01-08T07:08,3,60,admitted
2026-01-26T12:23,3,28,discharged_home
2026-03-29T20:41,5,77,left_without_being_seen
2026-01-11T18:37,3,31,admitted
2026-02-03T02:01,5,180,transferred
2026-01-09T06:57,3,5,discharged_home
2026-03-24T14:51,4,53,left_without_being_seen
2026-01-17T02:57,2,10,discharged_home
2026-02-12T03:02,3,0,discharged_home
2026-03-01T01:10,5,140,left_without_being_seen
2026-03-15T13:52,3,60,discharged_home
2026-02-20T15:01,3,3,transferred
2026-02-18T21:27,3,32,admitted
2026-01-23T11:13,4,67,discharged_home
2026-01-24T08:17,4,18,discharged_home
2026-02-27T04:02,3,14,discharged_home
2026-03-20T19:39,2,5,admitted
2026-02-01T20:18,4,33,admitted
2026-03-05T13:56,5,125,left_without_being_seen
2026-03-12T15:03,4,171,left_without_being_seen
2026-01-12T08:24,5,0,admitted
2026-01-18T13:12,4,53,discharged_home
2026-03-24T16:15,3,26,transferred
2026-03-22T17:50,2,17,discharged_home
2026-01-03T12:50,3,38,discharged_home
2026-02-15T15:34,4,25,discharged_home
2026-03-04T11:58,2,0,admitted
2026-03-14T16:20,5,136,admitted
2026-02-19T08:11,3,40,discharged_home
2026-01-04T10:38,3,42,admitted
2026-01-29T00:57,5,177,left_without_being_seen
2026-02-05T01:51,2,0,discharged_home
2026-03-02T16:22,3,43,discharged_home
2026-03-16T07:10,5,74,transferred
2026-01-13T07:42,3,38,discharged_home
2026-01-31T08:34,3,27,discharged_home
2026-01-08T07:36,3,28,discharged_home
2026-02-19T11:59,3,30,transferred
2026-01-23T05:15,5,1,admitted
2026-03-17T10:51,3,38,discharged_home
2026-03-31T11:58,5,52,transferred
2026-03-17T00:45,3,56,discharged_home
2026-03-31T11:36,1,1,discharged_home
2026-03-14T04:36,3,24,admitted
2026-01-25T15:34,4,51,admitted
2026-02-09T05:31,2,16,discharged_home
2026-01-05T02:03,4,52,discharged_home
2026-01-30T19:14,5,90,discharged_home
2026-01-03T16:30,3,25,discharged_home
2026-01-01T10:58,5,42,transferred
2026-03-20T06:51,2,22,admitted
2026-01-17T10:45,4,58,discharged_home
2026-01-23T10:03,4,79,discharged_home
2026-01-03T04:37,4,51,discharged_home
2026-01-19T03:54,2,10,transferred
2026-03-09T11:04,4,115,discharged_home
2026-02-17T22:42,3,23,discharged_home
2026-02-20T18:06,5,108,discharged_home
2026-02-13T09:20,4,79,admitted
2026-01-18T05:46,3,34,discharged_home
2026-02-25T20:31,1,3,discharged_home
2026-03-25T10:11,3,75,discharged_home
2026-03-13T22:56,5,159,discharged_home
2026-03-20T11:14,3,40,admitted
2026-03-27T18:52,2,14,discharged_home
2026-01-23T12:19,3,30,admitted
2026-03-30T09:08,4,153,admitted
2026-01-23T23:00,3,0,discharged_home
2026-03-31T18:25,4,134,discharged_home
2026-03-14T01:11,1,2,transferred
2026-03-19T10:58,4,23,discharged_home
2026-03-20T07:40,3,18,admitted
2026-03-14T03:59,1,0,transferred
2026-03-05T04:21,3,33,transferred
2026-01-10T07:22,4,69,discharged_home
2026-02-10T05:40,5,207,admitted
2026-01-12T22:42,3,9,discharged_home
2026-03-23T23:56,4,28,discharged_home
2026-02-12T14:00,1,0,admitted
2026-02-03T06:15,3,52,admitted
2026-03-30T02:22,3,26,discharged_home
2026-02-02T03:46,5,118,discharged_home
2026-01-01T01:24,4,70,discharged_home
2026-02-26T23:26,4,68,admitted
2026-01-22T13:31,5,292,discharged_home
2026-02-18T11:34,3,14,discharged_home
2026-02-18T03:53,4,110,discharged_home
2026-03-03T18:41,4,61,discharged_home
2026-03-29T07:10,4,12,discharged_home
2026-02-27T02:51,3,19,transferred
2026-01-05T09:01,3,45,discharged_home
2026-02-10T08:06,1,1,discharged_home
2026-01-10T10:10,4,20,transferred
2026-02-18T05:46,4,35,discharged_home
2026-01-10T17:57,3,37,discharged_home
2026-01-12T10:38,5,132,left_without_being_seen
2026-03-20T15:45,4,100,admitted
2026-01-04T13:41,4,74,admitted
2026-01-22T19:56,3,27,discharged_home
2026-02-25T05:03,3,25,discharged_home
2026-01-13T10:13,3,41,discharged_home
2026-01-25T13:44,4,136,discharged_home
2026-03-12T23:59,4,89,discharged_home
2026-03-11T08:42,4,119,discharged_home
2026-02-06T09:15,2,21,admitted
2026-01-13T01:25,5,80,discharged_home
2026-03-15T17:53,4,89,discharged_home
2026-03-04T04:03,2,14,admitted
2026-02-16T00:27,3,32,transferred
2026-01-12T09:52,4,67,admitted
2026-03-26T20:38,3,36,discharged_home
2026-03-03T06:06,3,45,discharged_home
2026-01-04T06:10,3,42,discharged_home
2026-03-23T09:05,5,172,left_without_being_seen
2026-03-02T03:19,2,22,discharged_home
2026-02-20T15:31,5,96,admitted
2026-03-26T08:05,3,0,discharged_home
2026-03-24T17:24,5,109,left_without_being_seen
2026-01-24T11:56,3,4,discharged_home
2026-02-18T11:11,4,87,discharged_home
2026-02-27T01:16,2,17,transferred
2026-02-26T14:16,2,7,transferred
2026-01-29T08:36,4,107,discharged_home
2026-01-08T04:48,3,77,discharged_home
2026-03-31T21:06,2,5,transferred
2026-01-11T21:22,5,181,discharged_home
2026-03-11T13:48,4,54,discharged_home
2026-03-17T07:35,4,52,discharged_home
2026-01-08T12:52,4,133,discharged_home
2026-03-08T13:34,2,11,admitted
2026-03-29T15:36,3,59,discharged_home
2026-01-31T15:19,5,219,admitted
2026-01-11T12:57,4,49,left_without_being_seen
2026-01-05T16:36,4,75,admitted
2026-03-08T18:43,3,9,discharged_home
2026-03-21T04:07,4,10,discharged_home
2026-02-27T05:10,4,125,discharged_home
2026-01-28T06:08,4,25,discharged_home
2026-01-06T13:05,4,75,admitted
2026-03-29T13:12,4,39,discharged_home
2026-03-22T04:53,2,9,transferred
2026-03-18T08:20,3,27,discharged_home
2026-01-09T02:24,4,18,discharged_home
2026-03-13T12:35,3,39,admitted
2026-02-11T08:33,4,9,discharged_home
2026-02-28T00:50,4,60,discharged_home
2026-03-31T19:37,5,81,left_without_being_seen
2026-03-08T13:07,2,11,admitted
2026-02-23T04:09,4,97,admitted
2026-03-14T18:37,4,62,discharged_home
2026-01-13T03:36,5,0,discharged_home
2026-01-13T09:55,3,39,admitted
2026-03-10T11:56,2,5,discharged_home
2026-02-22T08:24,5,155,left_without_being_seen
2026-03-25T15:36,5,102,discharged_home
2026-03-19T15:02,5,166,admitted
2026-01-23T08:25,2,0,discharged_home
2026-01-19T19:38,4,46,discharged_home
2026-03-29T22:25,1,1,discharged_home
2026-01-05T12:56,2,9,discharged_home
2026-02-12T22:15,3,14,discharged_home
2026-01-07T23:30,5,120,discharged_home
2026-02-04T11:01,5,132,discharged_home
2026-02-13T09:19,2,15,discharged_home
2026-02-05T15:54,2,20,admitted
2026-03-31T21:06,4,75,discharged_home
2026-01-30T04:19,3,10,transferred
2026-02-26T10:17,5,105,discharged_home
2026-02-23T19:41,4,82,admitted
2026-01-12T06:28,5,127,discharged_home
2026-01-28T13:47,4,28,admitted
2026-03-04T16:55,3,48,admitted
2026-02-17T01:32,5,108,left_without_being_seen
2026-01-21T02:19,3,38,discharged_home
2026-03-06T12:08,3,47,admitted
2026-03-09T18:01,5,136,discharged_home
2026-01-23T06:56,5,109,discharged_home
2026-01-26T01:15,4,145,admitted
2026-01-05T14:03,3,34,admitted
2026-02-16T22:12,4,86,admitted
2026-02-05T11:52,5,45,transferred
2026-03-01T16:25,4,28,admitted
2026-03-23T03:43,3,24,discharged_home
2026-01-04T07:23,4,69,discharged_home
2026-03-04T19:28,4,97,discharged_home
2026-01-23T15:37,3,7,discharged_home
2026-03-12T11:22,5,0,discharged_home
2026-01-21T08:47,2,30,admitted
2026-03-30T02:18,4,65,left_without_being_seen
2026-01-04T12:03,5,149,left_without_being_seen
2026-01-21T18:49,4,66,discharged_home
2026-01-28T07:41,5,0,discharged_home
2026-01-29T21:13,4,61,admitted
2026-02-04T20:26,5,201,admitted
2026-03-07T00:55,4,129,admitted
2026-03-29T00:30,2,0,discharged_home
2026-01-17T20:11,2,16,discharged_home
2026-03-18T00:14,3,38,discharged_home
2026-02-02T19:51,3,43,admitted
2026-02-09T22:45,5,91,transferred
2026-03-24T08:27,1,0,discharged_home
2026-02-18T11:29,4,66,admitted
2026-02-02T06:29,5,122,left_without_being_seen
2026-02-08T21:33,3,41,discharged_home
2026-03-21T12:37,3,30,discharged_home
2026-01-14T00:32,3,44,discharged_home
2026-03-26T11:35,4,30,admitted
2026-03-24T19:38,4,184,discharged_home
2026-02-06T09:43,3,19,admitted
2026-01-14T15:04,4,97,discharged_home
2026-02-13T08:40,3,19,discharged_home
2026-02-11T08:16,3,32,discharged_home
2026-03-25T22:57,4,51,admitted
2026-03-25T09:12,4,53,admitted
2026-01-20T16:48,5,91,discharged_home
2026-01-31T01:51,3,25,discharged_home
2026-03-18T12:42,2,9,admitted
2026-02-10T21:08,4,122,discharged_home
2026-01-04T20:31,3,19,discharged_home
2026-02-07T08:58,2,0,admitted
2026-02-23T12:24,4,127,discharged_home
2026-01-05T18:45,5,33,admitted
2026-03-15T06:21,3,69,discharged_home
2026-01-29T21:34,3,33,discharged_home
2026-03-23T15:58,3,51,discharged_home
2026-03-27T11:32,4,16,discharged_home
2026-02-08T05:53,1,3,discharged_home
2026-03-26T17:11,4,72,discharged_home
2026-02-07T03:30,1,0,discharged_home
2026-01-17T23:16,4,41,discharged_home
2026-03-13T05:43,4,60,discharged_home
2026-02-12T20:05,4,93,discharged_home
2026-01-29T11:14,4,71,admitted
2026-02-09T13:50,3,53,discharged_home
2026-02-12T11:16,2,0,admitted
2026-03-16T09:29,5,171,discharged_home
2026-01-16T15:03,4,33,admitted
2026-03-23T18:37,2,15,discharged_home
2026-03-21T02:30,3,39,discharged_home
2026-01-25T16:07,5,206,discharged_home
2026-03-29T12:33,3,45,discharged_home
2026-02-08T13:03,2,12,discharged_home
2026-01-20T04:12,4,0,discharged_home
2026-02-13T13:36,4,121,discharged_home
2026-02-28T04:20,3,80,admitted
2026-01-24T02:31,2,12,discharged_home
2026-02-12T20:11,4,17,discharged_home
2026-02-10T20:03,3,6,admitted
2026-01-01T14:17,2,3,discharged_home
2026-01-27T05:36,5,83,left_without_being_seen
2026-01-21T15:50,4,105,transferred
2026-01-12T04:39,3,29,discharged_home
2026-02-25T20:27,4,152,admitted
2026-02-21T13:30,4,126,discharged_home
2026-02-19T00:02,4,79,admitted
2026-03-10T06:46,4,111,discharged_home
2026-02-17T00:57,2,12,discharged_home
2026-02-11T16:12,1,2,admitted
2026-01-03T21:00,4,0,admitted
2026-03-22T23:15,3,69,discharged_home
2026-01-29T22:56,4,98,discharged_home
2026-02-14T09:08,3,75,discharged_home
2026-01-14T12:32,4,89,discharged_home
2026-03-17T09:10,2,14,discharged_home
2026-01-09T01:19,5,104,discharged_home
2026-02-07T14:46,5,65,discharged_home
2026-03-08T19:33,5,163,discharged_home
2026-02-13T13:56,4,92,discharged_home
2026-03-29T04:21,3,15,discharged_home
2026-03-04T11:48,3,33,admitted
2026-01-25T05:58,4,106,discharged_home
2026-02-21T00:14,4,72,discharged_home
2026-01-29T23:08,4,91,admitted
2026-01-28T23:01,4,156,discharged_home
2026-03-17T16:10,4,82,discharged_home
2026-01-16T11:45,4,168,discharged_home
2026-03-25T01:24,5,112,left_without_being_seen
2026-03-23T08:49,2,18,admitted
2026-03-10T19:03,1,0,discharged_home
2026-03-18T01:42,3,6,admitted
2026-01-14T20:53,4,59,discharged_home
2026-01-03T01:44,3,54,admitted
2026-01-15T13:28,3,5,admitted
2026-02-18T03:35,4,105,discharged_home
2026-02-02T15:44,4,105,discharged_home
2026-01-20T06:44,4,79,discharged_home
2026-03-29T20:00,4,59,discharged_home
2026-02-08T13:42,3,64,discharged_home
2026-01-13T21:33,3,57,discharged_home
2026-02-04T19:38,4,77,discharged_home
2026-03-31T04:26,4,113,discharged_home
2026-01-14T16:46,5,133,transferred
2026-03-21T03:18,4,102,admitted
2026-01-15T03:31,4,43,discharged_home
2026-01-26T19:12,4,116,admitted
2026-02-03T16:12,5,167,left_without_being_seen
2026-02-15T22:26,4,18,discharged_home
2026-02-07T05:02,4,27,left_without_being_seen
2026-03-12T15:58,4,41,discharged_home
2026-01-27T22:59,3,67,discharged_home
2026-03-03T10:15,5,150,admitted
2026-01-01T00:42,3,32,admitted
2026-01-12T03:53,5,29,admitted
2026-03-15T21:31,5,147,discharged_home
2026-01-20T02:49,5,127,admitted
2026-03-07T02:46,4,68,transferred
2026-01-13T08:41,4,42,discharged_home
2026-01-30T14:18,3,42,discharged_home
2026-02-03T14:03,3,24,discharged_home
2026-01-13T05:55,2,5,discharged_home
2026-01-06T09:23,3,44,discharged_home
